1;Jack Armstrong;614587379
2;Rebecca Reid;660518423
3;Susan Simpson;620289038
4;Philip Bell;697577464
5;Christina Carter;645153391
6;Linda Robinson;610621782
7;Ann Wilson;608478394
8;Linda Bryant;637226428
9;Pamela Thompson;685920481
10;Patrick Richardson;683739513
11;Pamela Adams;648016676
12;Linda Murray;682436594
13;Timothy Nichols;674689102
14;Joan West;671162096
15;Rose Fernandez;643984822
16;Frank Bennett;667194366
17;Melissa Wright;692892428
18;Jeffrey Wagner;630535926
19;Michael Rodriguez;685815057
20;Kathleen Knight;683657267
21;Margaret Dunn;636714052
22;Benjamin Fowler;620215879
23;Willie Ruiz;627757032
24;Donald Cox;688084084
25;Billy Wilson;608898982
26;Kathleen Reid;637967904
27;Rebecca Price;628050056
28;Grace Stevens;638660189
29;Jack Clark;617962777
30;Julie Harvey;619122105
31;Lauren Reed;671574179
32;Tyler Morales;618092456
33;Dennis Ryan;634114056
34;Willie Watkins;619604120
35;Kevin Jordan;621389516
36;Katherine Black;653443277
37;Jack Snyder;625653749
38;Joseph Fields;611129988
39;Steven Gonzalez;630823369
40;Shirley Peterson;611944518
41;Ethan Simmons;682745168
42;Frances Green;607870884
43;Andrea Gordon;600843923
44;Joseph Carpenter;620578306
45;Mark Harvey;644674212
46;Julie Richards;665619283
47;Marie Hanson;694694250
48;Frank Anderson;628723168
49;Lori Morris;658176584
50;Logan Stevens;675889192
51;Madison Boyd;663241281
52;Anthony Alvarez;612329332
53;Jack Hunt;677495108
54;Adam Robertson;639300020
55;Judy Hudson;648519110
56;Diane Freeman;604474629
57;Russell Chavez;636223256
58;Diane Gordon;691043253
59;Catherine Dean;636111922
60;George Wagner;691074677
61;Douglas Cox;652182356
62;Jason Green;624134226
63;Roy Smith;605517096
64;Kelly Gordon;632534270
65;Ralph Ross;600198212
66;Lisa Edwards;659317953
67;Brian Hunter;643352594
68;Vincent Olson;677076552
69;Catherine Greene;639847379
70;Ronald Greene;699712646
71;Ralph Harper;648277944
72;Elizabeth Gardner;674884974
73;Amber Reyes;688580603
74;Julia Hicks;642382455
75;Sandra Armstrong;604910075
76;Robert Washington;607974086
77;Gregory Shaw;609289185
78;Frances Lane;601873758
79;Kathryn Parker;678616028
80;Johnny Cox;637270214
81;Tyler Peters;686098869
82;Joshua Bryant;603352404
83;Noah Reyes;615155275
84;Victoria Burke;647239253
85;Emma Ramos;685410328
86;Madison Holmes;655036736
87;Raymond Patterson;692021149
88;Amy Gonzalez;606402888
89;Susan Webb;674196338
90;Susan Hayes;685858087
91;Olivia Garcia;655339192
92;Kelly Spencer;610429347
93;Diane Taylor;662394399
94;Lori Kelley;635333437
95;Kayla Williams;610731239
96;Sara Powell;659153619
97;Andrea Morales;662923263
98;William Howell;690952888
99;Nicole Harris;652451573
100;Diana Roberts;666041841
101;Donald Lee;658974846
102;Carolyn Bryant;601786868
103;Martha Morgan;690821509
104;Amber Butler;616722536
105;John Mendoza;603416526
106;Adam Howell;632921991
107;Donna Simpson;646863703
108;Joan White;620812172
109;Robert Hunter;645583952
110;Jennifer Mendoza;689907181
111;Victoria Duncan;690889206
112;Diana Wilson;681282475
113;Martha Harper;695123623
114;George Dean;665681389
115;John Hawkins;675986430
116;Harry Wheeler;653986894
117;Janet Ross;695761925
118;Keith Parker;676203126
119;Stephen George;610035265
120;Jason Fuller;678638606
121;Jean Castillo;660334703
122;Barbara Howard;611580291
123;Gerald Chavez;645453115
124;Vincent Johnston;601588636
125;Danielle Bryant;607390679
126;Katherine Larson;627125107
127;Logan Day;629404667
128;Cynthia Stone;623155091
129;Richard Evans;617730991
130;Jane Ferguson;677187401
131;Emma Carr;617712678
132;Judy Henry;690547036
133;John Warren;654290476
134;Raymond Thompson;623454848
135;Rebecca Sanchez;665702014
136;Virginia Henderson;682403492
137;Kenneth Flores;694108176
138;Brittany Harrison;652962860
139;Julie Wallace;646904056
140;Ethan Mills;604524693
141;Heather Powell;679110506
142;Stephen Cruz;609970826
143;Bobby Parker;601469696
144;Donna Nichols;690522099
145;Grace Jenkins;619822545
146;Jose Davis;604540911
147;Dennis Jones;614595565
148;Joseph Vasquez;624521719
149;Rebecca Ramirez;630181916
150;Robert Porter;625267548
151;George Elliott;695186632
152;Vincent Rodriguez;619542233
153;Bryan Andrews;681167610
154;Carol Lynch;657653860
155;Danielle Hayes;695482902
156;Denise Lee;622006770
157;Nathan Payne;673860254
158;Tiffany Ellis;600575036
159;Gary Garcia;691320982
160;Heather Daniels;659391373
161;Theresa Martinez;610100274
162;Benjamin Woods;607490762
163;Terry Bowman;689379523
164;Brenda Robinson;629028315
165;Michael Matthews;631544180
166;Aaron Parker;613334151
167;Christian Nichols;687392564
168;Nicholas Frazier;656678614
169;Dennis Bryant;653135939
170;Jose Perry;641769487
171;Megan Wells;688319182
172;Zachary Daniels;623755146
173;Jerry Montgomery;644932112
174;Grace Hernandez;606583666
175;Vincent Hayes;614009087
176;Victoria Bishop;641360593
177;Larry Marshall;629839869
178;Pamela Hall;651981958
179;Albert Taylor;626019386
180;Christine Mason;680234943
181;Abigail Olson;651205969
182;Gregory Barnes;658744164
183;Ralph Ward;687845629
184;Stephanie Banks;662837951
185;Adam Butler;608442442
186;Juan Bailey;604789546
187;George Lynch;640727343
188;Ralph Johnston;646733806
189;Roger Burton;641760685
190;Samantha Peterson;684199095
191;Stephanie Knight;615774581
192;Arthur Hernandez;600140578
193;Nathan Elliott;600084114
194;Rachel Gardner;654811617
195;Bruce Johnson;626438607
196;Benjamin Morales;671059832
197;Linda Hart;655395301
198;Willie Matthews;690055120
199;Roy Alexander;674449922
200;Marie Fox;637699208
201;Christopher Wagner;663029489
202;Gerald Carr;664884271
203;Martha Wheeler;636374008
204;Melissa Sanchez;610342001
205;Daniel Fuller;606720042
206;Jesse Hansen;602817079
207;Sarah Gardner;643780045
208;Beverly Hughes;692798816
209;Ann Fisher;679638402
210;Juan Jones;667339968
211;Johnny Harvey;679525343
212;Melissa Stewart;683629002
213;Jean Hudson;644720670
214;Christina Bryant;613619746
215;Deborah Brooks;604526138
216;Jack Williamson;651043426
217;James Stephens;615920626
218;Katherine Moreno;630968941
219;Alice Alexander;663214677
220;Virginia Allen;693724044
221;Marie Stevens;600312226
222;Adam Burke;620073744
223;Roy Woods;651633387
224;Brandon Chavez;614582226
225;Julie Peterson;687811947
226;Joseph Kelley;692789225
227;Christine Hanson;627025070
228;Ralph Ryan;699527369
229;Amanda Allen;612526178
230;Donald Hughes;628202494
231;Scott Hernandez;602957357
232;Juan Stephens;650070521
233;Ann Moore;680824797
234;Gloria Andrews;699739133
235;Billy Carroll;697948734
236;Angela Harvey;640351152
237;Larry Baker;652573937
238;Abigail Walker;611348241
239;Tyler Ray;668824684
240;Jason Simpson;666191346
241;Adam Carroll;603275187
242;Stephen Ramos;677687303
243;Adam Lewis;618028276
244;Emily Cunningham;612213949
245;Nicole Allen;654223951
246;Timothy Olson;636401017
247;Ruth Baker;632744037
248;Carolyn Meyer;643753134
249;Judy Gonzalez;696874908
250;Joe Rice;656848778
251;Elizabeth Williams;664304258
252;Melissa Stanley;630488079
253;Jessica Castillo;675553712
254;Jose Bailey;672389495
255;Stephanie Cruz;683795404
256;Amy Carter;678647917
257;Diane Owens;614167236
258;Patricia Berry;606755914
259;Gregory Perkins;661159168
260;William King;665073875
261;Joan Berry;680567472
262;Dennis Oliver;648653034
263;Virginia Walker;600638966
264;Louis Gibson;616554715
265;Harry Patterson;641592316
266;George Perkins;679535822
267;Harold Snyder;667991468
268;Arthur Wells;635639377
269;Arthur Carroll;612422093
270;Carol Chapman;659627307
271;Ann Chavez;665733155
272;Pamela Burke;678862740
273;Sara Davis;684222658
274;Jessica Washington;691777536
275;Billy Mitchell;699082659
276;Frances Torres;603878140
277;Alexander Oliver;640762493
278;Harold Alexander;619064567
279;Christian Brooks;658373746
280;Dorothy Reed;668585449
281;Sharon Gutierrez;670643293
282;Andrea Henderson;663677002
283;Patricia Ward;654573148
284;Eric Day;656586598
285;Christian Jacobs;657381063
286;Ann Lane;602282230
287;Michelle Stanley;647342876
288;Rose Schmidt;617480141
289;Gary Cook;667027149
290;Joseph Hamilton;611224012
291;Mark Boyd;614173046
292;Louis Hall;622078683
293;Alexis Bradley;686884291
294;Terry Harris;669383182
295;Vincent Gonzalez;607812166
296;Cheryl Hawkins;625046810
297;James Gardner;672201162
298;Pamela Gordon;675336820
299;Frances Stone;624588593
300;Margaret Hunt;620782117
301;Victoria Turner;616989411
302;Bryan Rogers;688641753
303;Diana Chavez;674437423
304;Heather Bell;619490463
305;Virginia Jackson;670839459
306;Tyler Greene;600495207
307;Walter Scott;687548680
308;Jordan Stephens;677354363
309;Austin Castillo;613093323
310;John Wagner;694642735
311;Johnny Arnold;655556923
312;Evelyn Murphy;617906267
313;Logan Warren;673635701
314;Ronald Miller;676112649
315;Jennifer Phillips;699252194
316;Dorothy Woods;652362380
317;Pamela Russell;674647394
318;Ruth Morris;627392213
319;Beverly Stevens;613169393
320;Evelyn Dixon;617391898
321;Walter Warren;671749916
322;Eric Moreno;672813769
323;Edward Fuller;646125522
324;Emma Campbell;659777641
325;Roger Burke;657935598
326;Randy Richards;671055852
327;Diane Elliott;684696990
328;Ann West;670116125
329;Jacob Palmer;676018488
330;Virginia Davis;677335402
331;Rachel Hicks;658561013
332;Mark Lynch;673469101
333;Dylan Simpson;699992364
334;Jerry Jackson;682966935
335;Arthur Turner;601140581
336;Paul Smith;697696835
337;Diane Garcia;649201540
338;Beverly Payne;628619574
339;Kathryn Harris;672624088
340;Frank Brown;676897051
341;Kimberly George;667722216
342;Virginia Richards;678290347
343;Ethan Rodriguez;675418739
344;Brandon Berry;662232028
345;Marie Cunningham;624338417
346;Laura James;660524919
347;Megan Patterson;684016171
348;Anna Gilbert;627156074
349;Joseph Boyd;609951285
350;Olivia Olson;659125311
351;Zachary Boyd;648612313
352;Sharon Franklin;652573679
353;Tyler Day;657887558
354;Henry Harris;610562160
355;Kimberly Rogers;619859743
356;Lawrence Henderson;692616526
357;Bobby Watkins;649529212
358;Julie Dixon;679069523
359;Marie Frazier;657875843
360;Wayne Cook;651296123
361;Olivia Edwards;687672153
362;Maria Arnold;671276031
363;Alice Mills;644342548
364;Eric Jones;622173854
365;Anthony Holmes;640572458
366;Stephen Mason;618150647
367;Logan Jones;678239520
368;Joyce Lane;649805147
369;Carol Kelley;682679180
370;Kevin Carroll;681895250
371;Frances Bennett;684884361
372;Dylan Warren;659936014
373;Michelle Chapman;657045146
374;Gary Stone;608862846
375;Carolyn Porter;646317494
376;Mark Frazier;650416272
377;Debra Wilson;685153748
378;Angela Butler;624477000
379;Marilyn Banks;646192401
380;Gloria Owens;663626442
381;Robert Knight;631088213
382;George Pierce;665506630
383;Cynthia Young;688532757
384;Theresa Black;665402354
385;Olivia Kennedy;652493918
386;Cynthia Andrews;651691518
387;Steven Long;658000526
388;Adam Dean;676701234
389;Amber Mitchell;693694935
390;Helen Hunt;692943165
391;Michael Little;676435909
392;Ronald Hall;625494749
393;Amy Johnson;683667363
394;Gregory Alexander;672999479
395;Emily Oliver;659013835
396;Marilyn Davis;677270997
397;Russell Hanson;697863214
398;Diana Hart;670168462
399;Thomas Stephens;676055604
400;Judy Freeman;661505067
401;Laura Jackson;648800342
402;Eric Hansen;666532147
403;Joyce Fox;646440461
404;Cheryl Hamilton;656133482
405;Jesse Gilbert;656507941
406;Sean Spencer;675349610
407;Jesse Brown;632260829
408;James Simmons;669453135
409;David Rogers;621308902
410;Bryan Henderson;659579067
411;Vincent Johnson;657255116
412;Sharon Cole;657039224
413;Alexander Medina;648373808
414;Lisa Owens;625946355
415;Matthew Elliott;639707536
416;Patrick Schmidt;632677312
417;Gerald Harris;645180973
418;Kayla Brooks;656763275
419;Jesse Wagner;610645508
420;Doris Willis;627304899
421;Benjamin Holmes;608999974
422;Julie Dean;669664546
423;Michael Pierce;626397065
424;Carolyn Morales;643117076
425;Aaron Porter;623430927
426;Austin Mills;674143712
427;Ashley Bailey;631781735
428;Gregory Daniels;638868809
429;Julia Cole;652902933
430;Jean Edwards;623703337
431;Shirley Watkins;692756253
432;Gary Lewis;689428331
433;George Little;634547008
434;Walter Griffin;682960670
435;Alice Sullivan;605311781
436;Sara Ferguson;611421564
437;Lisa Garrett;667354456
438;Lauren Simmons;643305545
439;Matthew Stevens;623867828
440;Jordan Shaw;606723840
441;Kevin Black;642275847
442;Debra Riley;661284065
443;Sharon Ramos;686869668
444;Samuel Gray;665279854
445;Pamela Smith;656680373
446;Richard Gordon;623941451
447;Patrick Perkins;682399659
448;Steven Warren;681197052
449;Zachary Montgomery;605632125
450;Paul Ryan;618254283
451;Sarah Ellis;607608815
452;Stephen Bennett;605152729
453;Rebecca Black;672520863
454;Elizabeth Williamson;649681479
455;Michael Carter;686513127
456;Jeffrey Nelson;689416374
457;Bobby Bishop;606454346
458;Ethan Lawson;615347901
459;David Wallace;638283157
460;Jason Edwards;619880134
461;Joe Stone;694971763
462;Julie Spencer;673494322
463;Jack Edwards;691133833
464;Carol Mendoza;623085302
465;George Romero;605727722
466;Alice Kelley;678536004
467;Karen Baker;695995455
468;Gloria Armstrong;692376140
469;Nicole Rodriguez;641309924
470;Theresa Mitchell;690534977
471;Charles Ruiz;644845909
472;Maria Barnes;672185379
473;Beverly Diaz;608979907
474;Jennifer Wilson;606380945
475;Natalie Gutierrez;658085441
476;Sharon Armstrong;698556819
477;Julia King;644337118
478;Jean Hicks;652748547
479;Alice Schmidt;698484450
480;Sara Washington;699138760
481;Deborah Stevens;656785110
482;Amanda Nichols;606135662
483;Matthew Lane;684977102
484;Nathan Miller;611853757
485;Alexis Johnston;641253910
486;Richard Owens;696766905
487;Christina Ross;678751094
488;Nicole Webb;626556980
489;Harry Kelley;629934081
490;Deborah Patterson;603899509
491;Maria Owens;625842407
492;Billy Stone;617465715
493;Michelle Wheeler;665484519
494;Marilyn Richards;683170805
495;Rachel Lawrence;629642102
496;Harold Woods;646191302
497;Catherine Willis;674021731
498;Natalie Wheeler;670729144
499;Jacob Ruiz;678510986
500;Julie George;694564405
501;Jeffrey Boyd;647736451
502;Logan Olson;657223922
503;Brittany Ramos;697570124
504;Nathan Ramos;628587344
505;Logan Welch;653986696
506;Benjamin Kennedy;695068512
507;Bruce Roberts;638904326
508;Kimberly Burke;650959320
509;Larry White;641289707
510;Brian Washington;697765703
511;Roger Howard;652061441
512;Jeremy Ramirez;619718302
513;Sarah Gibson;673978971
514;Jack Nguyen;607943206
515;James Hernandez;626623524
516;Theresa Shaw;604745929
517;Harry Graham;654554419
518;Teresa Morgan;621177194
519;Ralph Alvarez;669001113
520;Christopher Price;696898509
521;Diana Ford;651788856
522;Donna Dean;666176889
523;Harold Gutierrez;617417401
524;Sandra Chapman;652793284
525;Pamela Pierce;602687959
526;Doris Jones;695970741
527;Amy Murphy;690855674
528;Carol Reynolds;641729533
529;Frank Ward;648329519
530;Kayla Lopez;684607725
531;Nathan Harper;605603752
532;Brian Fuller;601416341
533;Louis Wright;606676064
534;William Wells;613790646
535;Nathan Morgan;673068455
536;Joseph Lawrence;648909405
537;Gloria Gray;656705628
538;Angela Hanson;606556825
539;Evelyn James;665350060
540;Denise Jacobs;614410508
541;James Roberts;640084551
542;Kyle Hernandez;642883540
543;Patricia Cook;674409817
544;Joe Hudson;661979427
545;Stephanie Mccoy;622182717
546;Walter Medina;634728977
547;Janet Olson;609850370
548;Carolyn Hansen;635839063
549;John Burke;645007296
550;Joseph Scott;618916107
551;Ashley Ray;634837760
552;John Lynch;694748041
553;Janet Porter;617038059
554;Patricia Hughes;627228125
555;Willie George;617298851
556;Lawrence Hawkins;665330062
557;Randy Murphy;631630776
558;Albert Oliver;688103040
559;Zachary Bryant;628189998
560;Denise Williamson;692939977
561;Benjamin White;606703626
562;Julia Griffin;650964854
563;Jacob Mitchell;683742430
564;Brian Nguyen;609825779
565;John Diaz;640038033
566;Ethan Kim;623516913
567;Joe Hart;620353981
568;Sara Rose;686668334
569;Christina Mendoza;694565234
570;Mark Garrett;657552773
571;Shirley Shaw;670958228
572;Debra Cooper;636555667
573;Ann Ruiz;609104009
574;Beverly Young;631604005
575;Thomas Russell;698528956
576;Jacob George;683336070
577;Thomas Meyer;624057351
578;Terry Campbell;662346995
579;Alice Gonzales;678922446
580;Eugene Wells;671411459
581;Diane Collins;658255742
582;Nancy Edwards;634361233
583;Gloria Crawford;657622479
584;Nancy Miller;684598101
585;Frank Flores;650221932
586;Randy Collins;695631066
587;Gerald Sanchez;628956756
588;Frank Watson;674608929
589;Walter Griffin;653548179
590;Madison Elliott;677521831
591;Doris Warren;636905419
592;Sean Carroll;692667793
593;Tiffany Johnson;662241906
594;Ronald Brown;659048315
595;Emily Bennett;676784848
596;Elizabeth Diaz;616279474
597;Nancy Ray;626069190
598;Ronald Martin;658489632
599;Jerry Bailey;612970668
600;Stephen Sullivan;664827457
601;Kayla Price;628230432
602;Terry Gonzales;636138030
603;Steven Howell;676856475
604;Jordan Clark;618527369
605;Kathleen Johnson;658914722
606;Adam Fernandez;681825437
607;Hannah Dunn;625735307
608;Barbara James;691482696
609;Austin Bryant;685367172
610;Steven Walker;660067519
611;Jordan Torres;601025793
612;Mary Harper;695080396
613;Laura Barnes;676064447
614;Sandra Bennett;643132145
615;Robert Perkins;613638218
616;Joseph Peterson;675916792
617;Jerry Lane;699660833
618;Madison Bowman;619642137
619;George Campbell;679702465
620;Bobby Gilbert;602803018
621;Amanda Schmidt;650642977
622;Nathan Burke;601457354
623;Douglas Medina;628426156
624;Anthony Nichols;650747239
625;Joshua Hunt;663907655
626;Tiffany Ramos;695284031
627;Juan Long;696244682
628;Evelyn Daniels;658575336
629;Philip Cruz;698379266
630;Joan Harvey;605492005
631;Alexander Cox;682187959
632;Diana Bell;609743390
633;Janice Sanders;619112719
634;Christine Hudson;630627288
635;Samuel Rodriguez;621076268
636;Gloria Carroll;642459645
637;Megan Gutierrez;665875310
638;Jessica Reid;679917285
639;Kenneth Romero;652486617
640;Donald Murphy;617260573
641;Sharon Ross;645262288
642;Sharon Crawford;646997339
643;Justin Scott;669222305
644;Theresa Smith;631300269
645;Rachel Long;644799265
646;Frances Burton;626772179
647;George Ford;630969543
648;Joyce Howell;651678434
649;Emma Jordan;686207836
650;Kimberly Cunningham;668686321
651;Patricia Collins;680113811
652;Keith Martinez;621662922
653;Nicholas Carroll;619019251
654;Paul Butler;632575914
655;Martha Simpson;633787947
656;Christian Berry;662830988
657;Terry Perkins;686628168
658;Jeremy Mendoza;687779671
659;Harold George;600845291
660;Judy Sullivan;640282086
661;Jacob Simmons;684066612
662;Alexis Daniels;623698274
663;Rachel Meyer;602157346
664;William Mills;614253875
665;Amanda Perry;694097427
666;David Fisher;687360884
667;Edward Gibson;687357001
668;Wayne Jordan;623270970
669;Nancy Butler;629310907
670;Jordan Bowman;677306386
671;Brandon Ross;607736015
672;Harry Day;615700431
673;Evelyn Murphy;647680816
674;Debra Kelly;668038428
675;Jeremy Nelson;699978012
676;Cynthia Evans;604253145
677;Alexander Watkins;648697968
678;Jane Frazier;613451281
679;Thomas Burton;617942444
680;Stephanie Rodriguez;630051156
681;Nathan Morris;681869986
682;Austin Johnson;610163795
683;Jessica Clark;650858684
684;Maria Matthews;680253668
685;Randy Lee;665601615
686;Sandra Murphy;699798882
687;Dennis Long;668398395
688;Terry Rogers;665632269
689;Paul Brooks;640927174
690;Jean Jacobs;698697389
691;Arthur Holmes;601454656
692;Henry Watson;665657391
693;Alan Cole;624721856
694;Noah Oliver;660263785
695;James Hansen;631484964
696;Steven Green;625439477
697;Vincent Gibson;653106407
698;Carolyn Wright;664051786
699;Diana Evans;675709429
700;Richard Mccoy;683569409
701;Eric Bailey;630496888
702;Marilyn Evans;675131659
703;Ann King;690863044
704;Paul Hayes;683997901
705;Sandra Cruz;605560725
706;Brenda Palmer;686777594
707;Bobby Oliver;601753966
708;Justin Mccoy;644606676
709;Carl Carroll;625826170
710;Gloria Henry;656266418
711;Brittany Alexander;686081935
712;Nathan Armstrong;631559012
713;Emily Butler;653922189
714;Emma Lawson;671798897
715;Deborah Fisher;675219916
716;Tiffany Morales;676640966
717;Rebecca Alvarez;662436151
718;Anthony Marshall;637793346
719;Jason Ramirez;602387490
720;Natalie Ramos;668952534
721;Logan Ford;688144556
722;Jesse Walker;670318419
723;Samuel Andrews;648028516
724;Christina Palmer;650412840
725;Billy Simpson;682663119
726;Patrick Roberts;694638640
727;Rachel Morgan;649944220
728;Evelyn Payne;647241091
729;William Carroll;646739249
730;Joan Williamson;668967878
731;Margaret Mccoy;629132346
732;Denise Lane;648930181
733;Charles Stevens;697805373
734;William Grant;627909797
735;Kevin Nelson;610691556
736;Bobby Wilson;682214380
737;Ruth Kelley;684636527
738;Helen Weaver;677158658
739;Eric Larson;634288961
740;Benjamin Harris;634704252
741;Elizabeth Carroll;653449259
742;Alexander Wagner;668806592
743;Virginia Burns;640222578
744;Gregory Torres;680172750
745;Michael King;661815851
746;Victoria Chapman;600483376
747;Sandra Gibson;651767909
748;Kenneth Turner;600780896
749;Raymond Fowler;695629694
750;Jerry Burke;651887154
751;Julie Webb;656690031
752;Hannah Wagner;674215122
753;James Webb;603787461
754;Amy Turner;683507317
755;Karen Ferguson;654598808
756;Heather Fuller;600147554
757;Rachel Simmons;616673750
758;Martha Stewart;665568554
759;Arthur Kelly;608292796
760;Nicole Bishop;664208181
761;Marie Boyd;671984105
762;Kathryn Bradley;689818848
763;Nathan Ray;697521646
764;Mary Reynolds;662742957
765;Emily Carr;698403944
766;Eric Harvey;636384890
767;Jessica Powell;665225110
768;Wayne Robinson;637878951
769;Matthew Howard;689161945
770;Joseph Garza;611160661
771;Eugene Morris;690429667
772;Heather Tucker;608065772
773;Sharon Crawford;613289378
774;Keith West;660082289
775;Jessica Carr;607748097
776;Christopher Weaver;686551604
777;Jessica Lopez;676985995
778;Alice Black;673496204
779;Susan Kennedy;619633682
780;Brandon Oliver;659046314
781;Frank Willis;643016967
782;Ann Long;666287165
783;Daniel Riley;681027773
784;Joe Young;683617204
785;Jesse Frazier;680973648
786;Kelly Sanchez;633124520
787;Patrick Hayes;666542836
788;Diane Sanders;687971645
789;Alice Hawkins;648373282
790;Natalie Berry;635229829
791;Harry Davis;659588534
792;David Weaver;690056218
793;Donna Kelly;630088138
794;Randy Weaver;623031316
795;Gloria Howell;668334654
796;William Dunn;635810053
797;Jesse Hanson;608955285
798;Julie Dixon;629198903
799;Anna Simmons;686929422
800;Douglas Torres;665369704
801;Joshua Baker;681487756
802;Gary Parker;660188633
803;Jean Baker;674316056
804;Keith Bryant;633970295
805;Sara Robinson;604085758
806;Patricia Morrison;649006216
807;Jessica Jordan;623731813
808;Arthur Fowler;695332480
809;Jordan Price;690314082
810;Gloria Foster;651721377
811;Pamela Stevens;659578456
812;Daniel Richardson;629782996
813;Gabriel Bell;692195509
814;Dennis Scott;691176139
815;Scott Barnes;678792201
816;Edward Cook;654685524
817;Frances Rice;618953861
818;Edward Wheeler;693455774
819;Alan Young;666260149
820;Julia Burns;683198420
821;Logan Frazier;630916455
822;Marie Mills;614517530
823;Albert Gray;691022995
824;Michael Dunn;610032406
825;Dorothy Turner;671746325
826;Noah Johnston;678787835
827;Vincent Burns;669391604
828;Ethan Morgan;629253792
829;Harold Fox;672071927
830;Timothy Richardson;685350378
831;Denise Rivera;662203626
832;Jason Holmes;630967245
833;Katherine Williamson;637636251
834;Shirley Frazier;688774455
835;Stephen Garrett;625098559
836;Sara Castillo;639354624
837;Megan Murray;681812047
838;Gregory Murray;693175874
839;Kimberly Warren;609314672
840;Jessica Gomez;679135442
841;Ralph Webb;610790040
842;Arthur Thomas;662290918
843;Frank Grant;624475754
844;Joyce Tucker;642391203
845;Larry Burns;657784086
846;Madison Matthews;630141704
847;Kyle Berry;603798268
848;Debra Henry;691767092
849;Christine Anderson;629483159
850;Larry Hawkins;633995512
851;Donald Chapman;603033846
852;Justin Bishop;630316978
853;Samantha Smith;637919436
854;Shirley Hamilton;672281942
855;Jeremy Gonzales;654004927
856;Harry Howell;677781239
857;Sean Moore;606298078
858;Janet Lopez;603826619
859;Rachel Alexander;614477767
860;Kelly Cook;620987585
861;Jose Little;693836125
862;Alexis Larson;629599042
863;Megan Stevens;644532251
864;Nathan Burns;682798120
865;Lori Williamson;690566053
866;Pamela Cook;625589263
867;Alexander Armstrong;603295055
868;Gabriel Fisher;689324535
869;Stephanie Alvarez;668837037
870;Ryan Larson;610361122
871;Matthew Stephens;649420905
872;Susan Gilbert;653291832
873;Christina Owens;661364580
874;Tiffany Howard;680692454
875;Karen Phillips;608148192
876;Danielle Berry;677931155
877;Tyler Perez;647380788
878;Kayla Little;634605539
879;Paul Washington;656420572
880;Betty Rodriguez;618257926
881;Gabriel Ryan;658948811
882;Gabriel Freeman;621557294
883;Anna Harvey;672345586
884;Gabriel Hamilton;658711664
885;Kenneth Williams;697827390
886;Rachel Webb;674871978
887;Betty Greene;689371219
888;Tyler Chavez;660049750
889;Ruth Duncan;629279582
890;Ryan Garcia;632745038
891;Albert Tucker;636820416
892;Marie Warren;653492108
893;Lori Marshall;605379834
894;Logan Brown;679691820
895;Sandra Frazier;644524538
896;Nathan Watson;693296950
897;Debra Robinson;616763072
898;Eugene Fowler;656926228
899;Bruce Elliott;690030969
900;Amy Morales;699242681
901;Peter Long;657320639
902;Marilyn Peterson;670075456
903;Douglas Harper;653183403
904;Ruth Elliott;631283302
905;Helen Bishop;673611052
906;Henry Wilson;647723438
907;Sean Johnston;688505690
908;Olivia Robertson;664065669
909;Dylan Allen;674661462
910;Sharon Bennett;680847837
911;Nicholas Nichols;699975984
912;Austin Frazier;670755131
913;Brenda Weaver;691982679
914;James Sullivan;660302370
915;Jerry Banks;601745914
916;Diane Hicks;612732428
917;Beverly Hunter;613023976
918;Janet Reyes;649898675
919;Melissa Butler;699411096
920;Laura Powell;646639859
921;Jonathan Nichols;652770826
922;David Walker;693093065
923;Russell Hamilton;611502690
924;Roger Wheeler;635918410
925;Lori Kim;614434661
926;Virginia Montgomery;693021957
927;Aaron Austin;662510624
928;Elizabeth Nelson;657140459
929;Robert Banks;693631084
930;Linda Torres;699328079
931;Patrick Brooks;611748813
932;Grace Hansen;624566598
933;Melissa Weaver;600859041
934;Logan Bell;644144317
935;Joe Rose;679931765
936;Harry Bell;638756846
937;Catherine Mcdonald;688933316
938;Jessica Lawrence;628991812
939;Roy Olson;662389017
940;Lori Washington;681608051
941;Virginia Cox;686919917
942;Danielle Bailey;696217902
943;Zachary Murphy;640940028
944;Noah Lawson;612993745
945;Maria Stevens;616188304
946;Stephen Warren;658825974
947;Bobby Watkins;674401355
948;Kathryn King;652948459
949;Alice Fields;617916383
950;Alice West;663040476
951;Pamela Fernandez;609350947
952;Thomas Larson;643510552
953;Abigail Green;669818879
954;Anna Andrews;673591788
955;Deborah Green;651135785
956;Billy Turner;661743851
957;Keith Snyder;625515014
958;Samuel Martin;678149770
959;Patrick Watkins;614263218
960;Maria Henderson;670559223
961;Michelle Cunningham;623472738
962;Gregory Franklin;627290229
963;Barbara Tucker;667075217
964;Rachel Ward;680469551
965;Kevin Collins;656542611
966;Adam Baker;641861609
967;Alan Tucker;636350029
968;Carolyn Sullivan;667431070
969;Mary Henderson;630601224
970;Raymond Hamilton;682990117
971;Larry Diaz;685005876
972;Joan Flores;684380160
973;Jacqueline Elliott;612374828
974;Kelly Thompson;666458058
975;Logan Thomas;690162166
976;Walter Warren;627650270
977;Donna Clark;647994229
978;Patrick Garrett;618229567
979;Sean Dixon;677521581
980;Alexis Moreno;611050084
981;Jose Alvarez;690775802
982;Donald Howell;650945325
983;Rose Cunningham;656135672
984;Keith Hart;603292493
985;Alexander Flores;684002132
986;Sara Harper;685051478
987;Catherine Morrison;644127728
988;Sean Hunter;658260332
989;Billy Wheeler;613417239
990;Jennifer Torres;688111410
991;Christian Jones;635541247
992;William Allen;625917041
993;Arthur Watkins;604993035
994;Randy Burke;656445703
995;Jerry Brooks;604538853
996;Tyler Diaz;641590095
997;Peter Fernandez;605343161
998;Beverly Elliott;628809856
999;Michael Ray;688955955
