1;Order no. 1
2;Order no. 2
3;Order no. 3
4;Order no. 4
5;Order no. 5
6;Order no. 6
7;Order no. 7
8;Order no. 8
9;Order no. 9
10;Order no. 10
11;Order no. 11
12;Order no. 12
13;Order no. 13
14;Order no. 14
15;Order no. 15
16;Order no. 16
17;Order no. 17
18;Order no. 18
19;Order no. 19
20;Order no. 20
21;Order no. 21
22;Order no. 22
23;Order no. 23
24;Order no. 24
25;Order no. 25
26;Order no. 26
27;Order no. 27
28;Order no. 28
29;Order no. 29
30;Order no. 30
31;Order no. 31
32;Order no. 32
33;Order no. 33
34;Order no. 34
35;Order no. 35
36;Order no. 36
37;Order no. 37
38;Order no. 38
39;Order no. 39
40;Order no. 40
41;Order no. 41
42;Order no. 42
43;Order no. 43
44;Order no. 44
45;Order no. 45
46;Order no. 46
47;Order no. 47
48;Order no. 48
49;Order no. 49
50;Order no. 50
51;Order no. 51
52;Order no. 52
53;Order no. 53
54;Order no. 54
55;Order no. 55
56;Order no. 56
57;Order no. 57
58;Order no. 58
59;Order no. 59
60;Order no. 60
61;Order no. 61
62;Order no. 62
63;Order no. 63
64;Order no. 64
65;Order no. 65
66;Order no. 66
67;Order no. 67
68;Order no. 68
69;Order no. 69
70;Order no. 70
71;Order no. 71
72;Order no. 72
73;Order no. 73
74;Order no. 74
75;Order no. 75
76;Order no. 76
77;Order no. 77
78;Order no. 78
79;Order no. 79
80;Order no. 80
81;Order no. 81
82;Order no. 82
83;Order no. 83
84;Order no. 84
85;Order no. 85
86;Order no. 86
87;Order no. 87
88;Order no. 88
89;Order no. 89
90;Order no. 90
91;Order no. 91
92;Order no. 92
93;Order no. 93
94;Order no. 94
95;Order no. 95
96;Order no. 96
97;Order no. 97
98;Order no. 98
99;Order no. 99
100;Order no. 100
101;Order no. 101
102;Order no. 102
103;Order no. 103
104;Order no. 104
105;Order no. 105
106;Order no. 106
107;Order no. 107
108;Order no. 108
109;Order no. 109
110;Order no. 110
111;Order no. 111
112;Order no. 112
113;Order no. 113
114;Order no. 114
115;Order no. 115
116;Order no. 116
117;Order no. 117
118;Order no. 118
119;Order no. 119
120;Order no. 120
121;Order no. 121
122;Order no. 122
123;Order no. 123
124;Order no. 124
125;Order no. 125
126;Order no. 126
127;Order no. 127
128;Order no. 128
129;Order no. 129
130;Order no. 130
131;Order no. 131
132;Order no. 132
133;Order no. 133
134;Order no. 134
135;Order no. 135
136;Order no. 136
137;Order no. 137
138;Order no. 138
139;Order no. 139
140;Order no. 140
141;Order no. 141
142;Order no. 142
143;Order no. 143
144;Order no. 144
145;Order no. 145
146;Order no. 146
147;Order no. 147
148;Order no. 148
149;Order no. 149
150;Order no. 150
151;Order no. 151
152;Order no. 152
153;Order no. 153
154;Order no. 154
155;Order no. 155
156;Order no. 156
157;Order no. 157
158;Order no. 158
159;Order no. 159
160;Order no. 160
161;Order no. 161
162;Order no. 162
163;Order no. 163
164;Order no. 164
165;Order no. 165
166;Order no. 166
167;Order no. 167
168;Order no. 168
169;Order no. 169
170;Order no. 170
171;Order no. 171
172;Order no. 172
173;Order no. 173
174;Order no. 174
175;Order no. 175
176;Order no. 176
177;Order no. 177
178;Order no. 178
179;Order no. 179
180;Order no. 180
181;Order no. 181
182;Order no. 182
183;Order no. 183
184;Order no. 184
185;Order no. 185
186;Order no. 186
187;Order no. 187
188;Order no. 188
189;Order no. 189
190;Order no. 190
191;Order no. 191
192;Order no. 192
193;Order no. 193
194;Order no. 194
195;Order no. 195
196;Order no. 196
197;Order no. 197
198;Order no. 198
199;Order no. 199
200;Order no. 200
201;Order no. 201
202;Order no. 202
203;Order no. 203
204;Order no. 204
205;Order no. 205
206;Order no. 206
207;Order no. 207
208;Order no. 208
209;Order no. 209
210;Order no. 210
211;Order no. 211
212;Order no. 212
213;Order no. 213
214;Order no. 214
215;Order no. 215
216;Order no. 216
217;Order no. 217
218;Order no. 218
219;Order no. 219
220;Order no. 220
221;Order no. 221
222;Order no. 222
223;Order no. 223
224;Order no. 224
225;Order no. 225
226;Order no. 226
227;Order no. 227
228;Order no. 228
229;Order no. 229
230;Order no. 230
231;Order no. 231
232;Order no. 232
233;Order no. 233
234;Order no. 234
235;Order no. 235
236;Order no. 236
237;Order no. 237
238;Order no. 238
239;Order no. 239
240;Order no. 240
241;Order no. 241
242;Order no. 242
243;Order no. 243
244;Order no. 244
245;Order no. 245
246;Order no. 246
247;Order no. 247
248;Order no. 248
249;Order no. 249
250;Order no. 250
251;Order no. 251
252;Order no. 252
253;Order no. 253
254;Order no. 254
255;Order no. 255
256;Order no. 256
257;Order no. 257
258;Order no. 258
259;Order no. 259
260;Order no. 260
261;Order no. 261
262;Order no. 262
263;Order no. 263
264;Order no. 264
265;Order no. 265
266;Order no. 266
267;Order no. 267
268;Order no. 268
269;Order no. 269
270;Order no. 270
271;Order no. 271
272;Order no. 272
273;Order no. 273
274;Order no. 274
275;Order no. 275
276;Order no. 276
277;Order no. 277
278;Order no. 278
279;Order no. 279
280;Order no. 280
281;Order no. 281
282;Order no. 282
283;Order no. 283
284;Order no. 284
285;Order no. 285
286;Order no. 286
287;Order no. 287
288;Order no. 288
289;Order no. 289
290;Order no. 290
291;Order no. 291
292;Order no. 292
293;Order no. 293
294;Order no. 294
295;Order no. 295
296;Order no. 296
297;Order no. 297
298;Order no. 298
299;Order no. 299
300;Order no. 300
301;Order no. 301
302;Order no. 302
303;Order no. 303
304;Order no. 304
305;Order no. 305
306;Order no. 306
307;Order no. 307
308;Order no. 308
309;Order no. 309
310;Order no. 310
311;Order no. 311
312;Order no. 312
313;Order no. 313
314;Order no. 314
315;Order no. 315
316;Order no. 316
317;Order no. 317
318;Order no. 318
319;Order no. 319
320;Order no. 320
321;Order no. 321
322;Order no. 322
323;Order no. 323
324;Order no. 324
325;Order no. 325
326;Order no. 326
327;Order no. 327
328;Order no. 328
329;Order no. 329
330;Order no. 330
331;Order no. 331
332;Order no. 332
333;Order no. 333
334;Order no. 334
335;Order no. 335
336;Order no. 336
337;Order no. 337
338;Order no. 338
339;Order no. 339
340;Order no. 340
341;Order no. 341
342;Order no. 342
343;Order no. 343
344;Order no. 344
345;Order no. 345
346;Order no. 346
347;Order no. 347
348;Order no. 348
349;Order no. 349
350;Order no. 350
351;Order no. 351
352;Order no. 352
353;Order no. 353
354;Order no. 354
355;Order no. 355
356;Order no. 356
357;Order no. 357
358;Order no. 358
359;Order no. 359
360;Order no. 360
361;Order no. 361
362;Order no. 362
363;Order no. 363
364;Order no. 364
365;Order no. 365
366;Order no. 366
367;Order no. 367
368;Order no. 368
369;Order no. 369
370;Order no. 370
371;Order no. 371
372;Order no. 372
373;Order no. 373
374;Order no. 374
375;Order no. 375
376;Order no. 376
377;Order no. 377
378;Order no. 378
379;Order no. 379
380;Order no. 380
381;Order no. 381
382;Order no. 382
383;Order no. 383
384;Order no. 384
385;Order no. 385
386;Order no. 386
387;Order no. 387
388;Order no. 388
389;Order no. 389
390;Order no. 390
391;Order no. 391
392;Order no. 392
393;Order no. 393
394;Order no. 394
395;Order no. 395
396;Order no. 396
397;Order no. 397
398;Order no. 398
399;Order no. 399
400;Order no. 400
401;Order no. 401
402;Order no. 402
403;Order no. 403
404;Order no. 404
405;Order no. 405
406;Order no. 406
407;Order no. 407
408;Order no. 408
409;Order no. 409
410;Order no. 410
411;Order no. 411
412;Order no. 412
413;Order no. 413
414;Order no. 414
415;Order no. 415
416;Order no. 416
417;Order no. 417
418;Order no. 418
419;Order no. 419
420;Order no. 420
421;Order no. 421
422;Order no. 422
423;Order no. 423
424;Order no. 424
425;Order no. 425
426;Order no. 426
427;Order no. 427
428;Order no. 428
429;Order no. 429
430;Order no. 430
431;Order no. 431
432;Order no. 432
433;Order no. 433
434;Order no. 434
435;Order no. 435
436;Order no. 436
437;Order no. 437
438;Order no. 438
439;Order no. 439
440;Order no. 440
441;Order no. 441
442;Order no. 442
443;Order no. 443
444;Order no. 444
445;Order no. 445
446;Order no. 446
447;Order no. 447
448;Order no. 448
449;Order no. 449
450;Order no. 450
451;Order no. 451
452;Order no. 452
453;Order no. 453
454;Order no. 454
455;Order no. 455
456;Order no. 456
457;Order no. 457
458;Order no. 458
459;Order no. 459
460;Order no. 460
461;Order no. 461
462;Order no. 462
463;Order no. 463
464;Order no. 464
465;Order no. 465
466;Order no. 466
467;Order no. 467
468;Order no. 468
469;Order no. 469
470;Order no. 470
471;Order no. 471
472;Order no. 472
473;Order no. 473
474;Order no. 474
475;Order no. 475
476;Order no. 476
477;Order no. 477
478;Order no. 478
479;Order no. 479
480;Order no. 480
481;Order no. 481
482;Order no. 482
483;Order no. 483
484;Order no. 484
485;Order no. 485
486;Order no. 486
487;Order no. 487
488;Order no. 488
489;Order no. 489
490;Order no. 490
491;Order no. 491
492;Order no. 492
493;Order no. 493
494;Order no. 494
495;Order no. 495
496;Order no. 496
497;Order no. 497
498;Order no. 498
499;Order no. 499
500;Order no. 500
501;Order no. 501
502;Order no. 502
503;Order no. 503
504;Order no. 504
505;Order no. 505
506;Order no. 506
507;Order no. 507
508;Order no. 508
509;Order no. 509
510;Order no. 510
511;Order no. 511
512;Order no. 512
513;Order no. 513
514;Order no. 514
515;Order no. 515
516;Order no. 516
517;Order no. 517
518;Order no. 518
519;Order no. 519
520;Order no. 520
521;Order no. 521
522;Order no. 522
523;Order no. 523
524;Order no. 524
525;Order no. 525
526;Order no. 526
527;Order no. 527
528;Order no. 528
529;Order no. 529
530;Order no. 530
531;Order no. 531
532;Order no. 532
533;Order no. 533
534;Order no. 534
535;Order no. 535
536;Order no. 536
537;Order no. 537
538;Order no. 538
539;Order no. 539
540;Order no. 540
541;Order no. 541
542;Order no. 542
543;Order no. 543
544;Order no. 544
545;Order no. 545
546;Order no. 546
547;Order no. 547
548;Order no. 548
549;Order no. 549
550;Order no. 550
551;Order no. 551
552;Order no. 552
553;Order no. 553
554;Order no. 554
555;Order no. 555
556;Order no. 556
557;Order no. 557
558;Order no. 558
559;Order no. 559
560;Order no. 560
561;Order no. 561
562;Order no. 562
563;Order no. 563
564;Order no. 564
565;Order no. 565
566;Order no. 566
567;Order no. 567
568;Order no. 568
569;Order no. 569
570;Order no. 570
571;Order no. 571
572;Order no. 572
573;Order no. 573
574;Order no. 574
575;Order no. 575
576;Order no. 576
577;Order no. 577
578;Order no. 578
579;Order no. 579
580;Order no. 580
581;Order no. 581
582;Order no. 582
583;Order no. 583
584;Order no. 584
585;Order no. 585
586;Order no. 586
587;Order no. 587
588;Order no. 588
589;Order no. 589
590;Order no. 590
591;Order no. 591
592;Order no. 592
593;Order no. 593
594;Order no. 594
595;Order no. 595
596;Order no. 596
597;Order no. 597
598;Order no. 598
599;Order no. 599
600;Order no. 600
601;Order no. 601
602;Order no. 602
603;Order no. 603
604;Order no. 604
605;Order no. 605
606;Order no. 606
607;Order no. 607
608;Order no. 608
609;Order no. 609
610;Order no. 610
611;Order no. 611
612;Order no. 612
613;Order no. 613
614;Order no. 614
615;Order no. 615
616;Order no. 616
617;Order no. 617
618;Order no. 618
619;Order no. 619
620;Order no. 620
621;Order no. 621
622;Order no. 622
623;Order no. 623
624;Order no. 624
625;Order no. 625
626;Order no. 626
627;Order no. 627
628;Order no. 628
629;Order no. 629
630;Order no. 630
631;Order no. 631
632;Order no. 632
633;Order no. 633
634;Order no. 634
635;Order no. 635
636;Order no. 636
637;Order no. 637
638;Order no. 638
639;Order no. 639
640;Order no. 640
641;Order no. 641
642;Order no. 642
643;Order no. 643
644;Order no. 644
645;Order no. 645
646;Order no. 646
647;Order no. 647
648;Order no. 648
649;Order no. 649
650;Order no. 650
651;Order no. 651
652;Order no. 652
653;Order no. 653
654;Order no. 654
655;Order no. 655
656;Order no. 656
657;Order no. 657
658;Order no. 658
659;Order no. 659
660;Order no. 660
661;Order no. 661
662;Order no. 662
663;Order no. 663
664;Order no. 664
665;Order no. 665
666;Order no. 666
667;Order no. 667
668;Order no. 668
669;Order no. 669
670;Order no. 670
671;Order no. 671
672;Order no. 672
673;Order no. 673
674;Order no. 674
675;Order no. 675
676;Order no. 676
677;Order no. 677
678;Order no. 678
679;Order no. 679
680;Order no. 680
681;Order no. 681
682;Order no. 682
683;Order no. 683
684;Order no. 684
685;Order no. 685
686;Order no. 686
687;Order no. 687
688;Order no. 688
689;Order no. 689
690;Order no. 690
691;Order no. 691
692;Order no. 692
693;Order no. 693
694;Order no. 694
695;Order no. 695
696;Order no. 696
697;Order no. 697
698;Order no. 698
699;Order no. 699
700;Order no. 700
701;Order no. 701
702;Order no. 702
703;Order no. 703
704;Order no. 704
705;Order no. 705
706;Order no. 706
707;Order no. 707
708;Order no. 708
709;Order no. 709
710;Order no. 710
711;Order no. 711
712;Order no. 712
713;Order no. 713
714;Order no. 714
715;Order no. 715
716;Order no. 716
717;Order no. 717
718;Order no. 718
719;Order no. 719
720;Order no. 720
721;Order no. 721
722;Order no. 722
723;Order no. 723
724;Order no. 724
725;Order no. 725
726;Order no. 726
727;Order no. 727
728;Order no. 728
729;Order no. 729
730;Order no. 730
731;Order no. 731
732;Order no. 732
733;Order no. 733
734;Order no. 734
735;Order no. 735
736;Order no. 736
737;Order no. 737
738;Order no. 738
739;Order no. 739
740;Order no. 740
741;Order no. 741
742;Order no. 742
743;Order no. 743
744;Order no. 744
745;Order no. 745
746;Order no. 746
747;Order no. 747
748;Order no. 748
749;Order no. 749
750;Order no. 750
751;Order no. 751
752;Order no. 752
753;Order no. 753
754;Order no. 754
755;Order no. 755
756;Order no. 756
757;Order no. 757
758;Order no. 758
759;Order no. 759
760;Order no. 760
761;Order no. 761
762;Order no. 762
763;Order no. 763
764;Order no. 764
765;Order no. 765
766;Order no. 766
767;Order no. 767
768;Order no. 768
769;Order no. 769
770;Order no. 770
771;Order no. 771
772;Order no. 772
773;Order no. 773
774;Order no. 774
775;Order no. 775
776;Order no. 776
777;Order no. 777
778;Order no. 778
779;Order no. 779
780;Order no. 780
781;Order no. 781
782;Order no. 782
783;Order no. 783
784;Order no. 784
785;Order no. 785
786;Order no. 786
787;Order no. 787
788;Order no. 788
789;Order no. 789
790;Order no. 790
791;Order no. 791
792;Order no. 792
793;Order no. 793
794;Order no. 794
795;Order no. 795
796;Order no. 796
797;Order no. 797
798;Order no. 798
799;Order no. 799
800;Order no. 800
801;Order no. 801
802;Order no. 802
803;Order no. 803
804;Order no. 804
805;Order no. 805
806;Order no. 806
807;Order no. 807
808;Order no. 808
809;Order no. 809
810;Order no. 810
811;Order no. 811
812;Order no. 812
813;Order no. 813
814;Order no. 814
815;Order no. 815
816;Order no. 816
817;Order no. 817
818;Order no. 818
819;Order no. 819
820;Order no. 820
821;Order no. 821
822;Order no. 822
823;Order no. 823
824;Order no. 824
825;Order no. 825
826;Order no. 826
827;Order no. 827
828;Order no. 828
829;Order no. 829
830;Order no. 830
831;Order no. 831
832;Order no. 832
833;Order no. 833
834;Order no. 834
835;Order no. 835
836;Order no. 836
837;Order no. 837
838;Order no. 838
839;Order no. 839
840;Order no. 840
841;Order no. 841
842;Order no. 842
843;Order no. 843
844;Order no. 844
845;Order no. 845
846;Order no. 846
847;Order no. 847
848;Order no. 848
849;Order no. 849
850;Order no. 850
851;Order no. 851
852;Order no. 852
853;Order no. 853
854;Order no. 854
855;Order no. 855
856;Order no. 856
857;Order no. 857
858;Order no. 858
859;Order no. 859
860;Order no. 860
861;Order no. 861
862;Order no. 862
863;Order no. 863
864;Order no. 864
865;Order no. 865
866;Order no. 866
867;Order no. 867
868;Order no. 868
869;Order no. 869
870;Order no. 870
871;Order no. 871
872;Order no. 872
873;Order no. 873
874;Order no. 874
875;Order no. 875
876;Order no. 876
877;Order no. 877
878;Order no. 878
879;Order no. 879
880;Order no. 880
881;Order no. 881
882;Order no. 882
883;Order no. 883
884;Order no. 884
885;Order no. 885
886;Order no. 886
887;Order no. 887
888;Order no. 888
889;Order no. 889
890;Order no. 890
891;Order no. 891
892;Order no. 892
893;Order no. 893
894;Order no. 894
895;Order no. 895
896;Order no. 896
897;Order no. 897
898;Order no. 898
899;Order no. 899
900;Order no. 900
901;Order no. 901
902;Order no. 902
903;Order no. 903
904;Order no. 904
905;Order no. 905
906;Order no. 906
907;Order no. 907
908;Order no. 908
909;Order no. 909
910;Order no. 910
911;Order no. 911
912;Order no. 912
913;Order no. 913
914;Order no. 914
915;Order no. 915
916;Order no. 916
917;Order no. 917
918;Order no. 918
919;Order no. 919
920;Order no. 920
921;Order no. 921
922;Order no. 922
923;Order no. 923
924;Order no. 924
925;Order no. 925
926;Order no. 926
927;Order no. 927
928;Order no. 928
929;Order no. 929
930;Order no. 930
931;Order no. 931
932;Order no. 932
933;Order no. 933
934;Order no. 934
935;Order no. 935
936;Order no. 936
937;Order no. 937
938;Order no. 938
939;Order no. 939
940;Order no. 940
941;Order no. 941
942;Order no. 942
943;Order no. 943
944;Order no. 944
945;Order no. 945
946;Order no. 946
947;Order no. 947
948;Order no. 948
949;Order no. 949
950;Order no. 950
951;Order no. 951
952;Order no. 952
953;Order no. 953
954;Order no. 954
955;Order no. 955
956;Order no. 956
957;Order no. 957
958;Order no. 958
959;Order no. 959
960;Order no. 960
961;Order no. 961
962;Order no. 962
963;Order no. 963
964;Order no. 964
965;Order no. 965
966;Order no. 966
967;Order no. 967
968;Order no. 968
969;Order no. 969
970;Order no. 970
971;Order no. 971
972;Order no. 972
973;Order no. 973
974;Order no. 974
975;Order no. 975
976;Order no. 976
977;Order no. 977
978;Order no. 978
979;Order no. 979
980;Order no. 980
981;Order no. 981
982;Order no. 982
983;Order no. 983
984;Order no. 984
985;Order no. 985
986;Order no. 986
987;Order no. 987
988;Order no. 988
989;Order no. 989
990;Order no. 990
991;Order no. 991
992;Order no. 992
993;Order no. 993
994;Order no. 994
995;Order no. 995
996;Order no. 996
997;Order no. 997
998;Order no. 998
999;Order no. 999
